-- MySQL dump 10.13  Distrib 8.0.19, for Win64 (x86_64)
--
-- Host: localhost    Database: sys
-- ------------------------------------------------------
-- Server version	5.7.44

/*!40101 SET @OLD_CHARACTER_SET_CLIENT=@@CHARACTER_SET_CLIENT */;
/*!40101 SET @OLD_CHARACTER_SET_RESULTS=@@CHARACTER_SET_RESULTS */;
/*!40101 SET @OLD_COLLATION_CONNECTION=@@COLLATION_CONNECTION */;
/*!50503 SET NAMES utf8mb4 */;
/*!40103 SET @OLD_TIME_ZONE=@@TIME_ZONE */;
/*!40103 SET TIME_ZONE='+00:00' */;
/*!40014 SET @OLD_UNIQUE_CHECKS=@@UNIQUE_CHECKS, UNIQUE_CHECKS=0 */;
/*!40014 SET @OLD_FOREIGN_KEY_CHECKS=@@FOREIGN_KEY_CHECKS, FOREIGN_KEY_CHECKS=0 */;
/*!40101 SET @OLD_SQL_MODE=@@SQL_MODE, SQL_MODE='NO_AUTO_VALUE_ON_ZERO' */;
/*!40111 SET @OLD_SQL_NOTES=@@SQL_NOTES, SQL_NOTES=0 */;

--
-- Table structure for table `productos`
--

DROP TABLE IF EXISTS `productos`;
/*!40101 SET @saved_cs_client     = @@character_set_client */;
/*!50503 SET character_set_client = utf8mb4 */;
CREATE TABLE `productos` (
  `id` int(10) unsigned NOT NULL AUTO_INCREMENT,
  `categoria_id` int(10) unsigned NOT NULL,
  `nombre` varchar(100) NOT NULL,
  `slug` varchar(100) NOT NULL,
  `descripcion` text NOT NULL,
  `precio` int(11) NOT NULL,
  `foto` varchar(100) NOT NULL,
  PRIMARY KEY (`id`),
  KEY `fk_productos_categoria_id` (`categoria_id`),
  CONSTRAINT `fk_productos_categoria_id` FOREIGN KEY (`categoria_id`) REFERENCES `categoria` (`id`)
) ENGINE=InnoDB AUTO_INCREMENT=13 DEFAULT CHARSET=utf8;
/*!40101 SET character_set_client = @saved_cs_client */;

--
-- Dumping data for table `productos`
--

LOCK TABLES `productos` WRITE;
/*!40000 ALTER TABLE `productos` DISABLE KEYS */;
INSERT INTO `productos` VALUES (1,1,'Producto 1','100100100','producto-1',100,'foto-1'),(2,1,'Producto 1','100100100','producto-1',100,'foto-1'),(3,1,'Producto 2','100100101','producto-2',200,'foto-2'),(4,1,'Producto 3','100100102','producto-3',300,'foto-3'),(5,2,'Producto 4','100100111','producto-4',400,'foto-4'),(6,2,'Producto 5','100100122','producto-5',500,'foto-5'),(7,2,'Producto 6','100100133','producto-6',600,'foto-6'),(8,3,'Producto 7','100100200','producto-7',700,'foto-7'),(9,3,'Producto 8','100100300','producto-8',800,'foto-8'),(10,3,'Producto 9','100100400','producto-9',900,'foto-9'),(11,3,'Producto 10','100100500','producto-10',1000,'foto-10'),(12,2,'Tronsmart','tronsmart','Where does it come from?\r\nContrary to popular belief, Lorem Ipsum is not simply random text. It has roots in a piece of classical Latin literature from 45 BC, making it over 2000 years old. Richard McClintock, a Latin professor at Hampden-Sydney College in Virginia, looked up one of the more obscure Latin words, consectetur, from a Lorem Ipsum passage, and going through the cites of the word in classical literature, discovered the undoubtable source. Lorem Ipsum comes from sections 1.10.32 and 1.10.33 of \"de Finibus Bonorum et Malorum\" (The Extremes of Good and Evil) by Cicero, written in 45 BC. This book is a treatise on the theory of ethics, very popular during the Renaissance. The first line of Lorem Ipsum, \"Lorem ipsum dolor sit amet..\", comes from a line in section 1.10.32.',1500,'1722463117715.png');
/*!40000 ALTER TABLE `productos` ENABLE KEYS */;
UNLOCK TABLES;

--
-- Table structure for table `usuarios`
--

DROP TABLE IF EXISTS `usuarios`;
/*!40101 SET @saved_cs_client     = @@character_set_client */;
/*!50503 SET character_set_client = utf8mb4 */;
CREATE TABLE `usuarios` (
  `id` int(10) unsigned NOT NULL AUTO_INCREMENT,
  `nombre` varchar(100) NOT NULL,
  `correo` varchar(100) NOT NULL,
  `telefono` varchar(100) NOT NULL,
  `password` varchar(100) NOT NULL,
  `estado` int(11) NOT NULL,
  PRIMARY KEY (`id`)
) ENGINE=InnoDB AUTO_INCREMENT=3 DEFAULT CHARSET=utf8;
/*!40101 SET character_set_client = @saved_cs_client */;

--
-- Dumping data for table `usuarios`
--

LOCK TABLES `usuarios` WRITE;
/*!40000 ALTER TABLE `usuarios` DISABLE KEYS */;
INSERT INTO `usuarios` VALUES (1,'César Cancino','info@tamila.cl','0980980','$2a$10$yqmC/dTTbbe9fKVN2g.SuOngaXHy288VHwrj0oF.Rsz1U5/LrT4PG',1),(2,'Yelimar Díaz','marimar@tamila.cl','98798','$2a$10$yqmC/dTTbbe9fKVN2g.SuOngaXHy288VHwrj0oF.Rsz1U5/LrT4PG',1);
/*!40000 ALTER TABLE `usuarios` ENABLE KEYS */;
UNLOCK TABLES;

--
-- Table structure for table `categoria`
--

DROP TABLE IF EXISTS `categoria`;
/*!40101 SET @saved_cs_client     = @@character_set_client */;
/*!50503 SET character_set_client = utf8mb4 */;
CREATE TABLE `categoria` (
  `id` int(10) unsigned NOT NULL AUTO_INCREMENT,
  `nombre` varchar(100) NOT NULL,
  `slug` varchar(100) NOT NULL,
  PRIMARY KEY (`id`)
) ENGINE=InnoDB AUTO_INCREMENT=13 DEFAULT CHARSET=utf8;
/*!40101 SET character_set_client = @saved_cs_client */;

--
-- Dumping data for table `categoria`
--

LOCK TABLES `categoria` WRITE;
/*!40000 ALTER TABLE `categoria` DISABLE KEYS */;
INSERT INTO `categoria` VALUES (1,'Categoria 1','categoria-1'),(2,'Categoria 2','categoria-2'),(3,'Categoria 3','categoria-3');
/*!40000 ALTER TABLE `categoria` ENABLE KEYS */;
UNLOCK TABLES;

--
-- Table structure for table `autorizar`
--

DROP TABLE IF EXISTS `autorizar`;
/*!40101 SET @saved_cs_client     = @@character_set_client */;
/*!50503 SET character_set_client = utf8mb4 */;
CREATE TABLE `autorizar` (
  `id` int(10) unsigned NOT NULL AUTO_INCREMENT,
  `usuarios_id` int(10) unsigned NOT NULL,
  `nombre` varchar(100) NOT NULL,
  PRIMARY KEY (`id`),
  KEY `fk_usuarios_id` (`usuarios_id`),
  CONSTRAINT `fk_usuarios_id` FOREIGN KEY (`usuarios_id`) REFERENCES `usuarios` (`id`)
) ENGINE=InnoDB AUTO_INCREMENT=4 DEFAULT CHARSET=utf8;
/*!40101 SET character_set_client = @saved_cs_client */;

--
-- Dumping data for table `autorizar`
--

LOCK TABLES `autorizar` WRITE;
/*!40000 ALTER TABLE `autorizar` DISABLE KEYS */;
INSERT INTO `autorizar` VALUES (1,1,'ROLE_ADMIN'),(2,1,'ROLE_USER'),(3,2,'ROLE_USER');
/*!40000 ALTER TABLE `autorizar` ENABLE KEYS */;
UNLOCK TABLES;
/*!40103 SET TIME_ZONE=@OLD_TIME_ZONE */;

/*!40101 SET SQL_MODE=@OLD_SQL_MODE */;
/*!40014 SET FOREIGN_KEY_CHECKS=@OLD_FOREIGN_KEY_CHECKS */;
/*!40014 SET UNIQUE_CHECKS=@OLD_UNIQUE_CHECKS */;
/*!40101 SET CHARACTER_SET_CLIENT=@OLD_CHARACTER_SET_CLIENT */;
/*!40101 SET CHARACTER_SET_RESULTS=@OLD_CHARACTER_SET_RESULTS */;
/*!40101 SET COLLATION_CONNECTION=@OLD_COLLATION_CONNECTION */;
/*!40111 SET SQL_NOTES=@OLD_SQL_NOTES */;

-- Dump completed on 2024-08-15  8:54:04
